[
  {
    "id": "dragonfruit-aura",
    "title_en": "Dragonfruit Aura",
    "title_ar": "هالة فاكهة التنين",
    "price_aed": 7.99,
    "category": "Blox Fruit",
    "image": "/placeholder1.png",
    "badge": "-38%",
    "rating": 4.8
  },
  {
    "id": "kitsune-kit",
    "title_en": "Garden Kit — Kitsune",
    "title_ar": "عدة الحديقة — كيتسوني",
    "price_aed": 89.99,
    "category": "Grow a Garden",
    "image": "/placeholder2.png",
    "badge": "Best Seller",
    "rating": 4.5
  },
  {
    "id": "mm2-swirly-set",
    "title_en": "MM2 — Swirly Set",
    "title_ar": "MM2 — مجموعة دوّامة",
    "price_aed": 18.99,
    "category": "MM2",
    "image": "/placeholder3.png",
    "badge": "Sale",
    "rating": 4.2
  }
]